date,order_no,pages,portal_entries,entry_range,scope_accused_affected,contentions_and_observations,what_the_order_decided
2019-05-18,1,1,1,1,GENERAL - all 187 accused,"SFIO stated the complaint came with a bulky record in four boxes and that, besides those already arrested, 178 further accused were to be prosecuted. Court took the complaint on board subject to verification of the copies and record, and directed the Ahlmad to verify the documents before contentions were heard.","SFIO complaint u/s 439(2) Companies Act 2013 with investigation report presented and taken on board subject to verification; directed to be checked and registered. Adjourned to 24.05.2019 on the question of summoning. Records that besides those already arrested, 178 further accused are to be prosecuted."
2019-05-24,1,1,1,2,"SPECIFIC - 3 accused: A-113, A-114, A-115",No contentions - adjournment only.,Copies of complaint and entire record supplied to counsel for Mukesh Modi and Rahul Modi; supply to Vivek Harivyasi deferred to 30.05.2019. Request for a soft copy left for the SFIO to take departmental instructions. Adjourned to 28.05.2019.
2019-05-28,1,1,1,3,GENERAL - all 187 accused,"SFIO stated that although prosecution of about 186 accused was sought, six names had been omitted from the list filed with the complaint. Court held the amendment merely corrected an inadvertent mistake in the title and allowed it, taking the amended list of accused and of witnesses on record.",Application to place on record an amended memo of accused allowed; amended list of accused and list of witnesses taken on record and made part of the complaint. Six accused had been omitted from the original list of about 186.
2019-05-30,1,1,1,4,"SPECIFIC - 3 accused: A-113, A-114, A-115","Defence sought exemption for Vivek Harivyasi on the plea of serious medical complications and hospitalisation, supported by medical records - allowed. Defence also pressed for a soft copy of the voluminous record; SFIO, on departmental instructions, stated no soft copy could be given, and the prayer was declined at that stage.",Personal appearance of Vivek Harivyasi exempted on medical grounds. Mukesh Modi and Rahul Modi remanded to judicial custody till 13.06.2019. Prayer for a soft copy of the record declined. Contentions on summoning concluded; order reserved to 03.06.2019.
2019-06-03,1,1,1,5,SPECIFIC - 1 accused: A-115,No contentions recorded in this order.,Fresh power of attorney filed for Vivek Harivyasi and copies of the complaint supplied to his counsel. File directed to be put up after lunch for order on taking cognizance.
2019-06-03,2,15,1,6,"GENERAL - all 187 accused; specifically named: 2 (A-1, A-187)","Operative summoning order. SFIO stated it had already entered the entire data in soft form; the court used that to expedite matters, directing SFIO to prepare the warrants on a court-supplied proforma within 15 days for service through the DCP (Headquarters).","Operative summoning order. Prima facie evidence found against accused Nos. 1 to 187. All accused summoned through bailable warrants of Rs.10,000 with one surety to appear on 30.07.2019; SFIO directed to prepare warrants within 15 days for service via DCP (Headquarters), Gurugram."
2019-06-03,3,73,1,7,"GENERAL - all 187 accused; specifically named: 2 (A-1, A-187)","The reasoned cognizance order. SFIO's case: the MCA ordered investigation into 125 Adarsh Group companies and LLPs under s.212(1)(c) Companies Act 2013; the investigation report of 09.05.2019 is deemed a police report under s.173 CrPC by virtue of s.212(15). The accused were categorised 1-5 by control and ownership. SFIO submitted that Mukesh Modi and his family and associates were in direct or indirect control of the corporate entities to the degree of being their 'directing mind and will', acting in connivance with the other accused; that 54 companies and their directors were liable under s.58A(5) of the 1956 Act for the period to 31.03.2014; and that Abhay K Shah & Associates was statutory auditor of the group with Abhay K Shah, Ichchhita Dungarwal and Neha Kataria as signing partners. Court found sufficient prima facie evidence against A-1 to A-187 and set out offence-wise liability.","Detailed 73-page cognizance order giving reasons for the summoning order of the same date; sets out offence-wise liability under the Companies Act 2013 (ss.447, 447 r/w 36, 147, 448) and IPC ss.120B, 418, 420 against each accused and group of companies."
2019-06-13,1,2,1,8,"SPECIFIC - 10 accused: A-113, A-114, A-117, A-120, A-122, A-123, A-126, A-131, A-134, A-142","No defence contention. Court's own observation: the jail authorities should have required Jaipur police to seek this court's permission before transferring custody, and even on a production warrant the Rajasthan police were bound to produce the accused. Show cause notices issued to the SHO, SOG Jaipur and to the Superintendent, District Jail Gurugram.","Show cause notice to SHO, SOG Rajasthan (Jaipur) and explanation called from Superintendent, District Jail Gurugram, for non-production of Mukesh Modi and Rahul Modi and for transferring custody without the court's permission. Production warrants issued for both for 17.06.2019, and for eight further accused for 01.07.2019."
2019-06-17,1,2,1,9,"SPECIFIC - 2 accused: A-113, A-114","Jaipur police submitted the accused were on police remand from the CMM, Jaipur until 22.06.2019, that they could not be produced on 13.06.2019 due to unavoidable circumstances, and asked that custody remain with them for smooth investigation. The Jail Superintendent replied that custody had been handed to Haryana police who produced them before the CMM Jaipur, that prior permission is usually taken, and that no intentional omission occurred, regretting the inconvenience. Court kept the reply under consideration.","Before the Vacation Judge. Mukesh Modi and Rahul Modi produced by SOG Jaipur, which sought to retain police custody till 22.06.2019. Jail Superintendent's explanation for handing over custody taken on record and kept under consideration for 01.07.2019; SHO directed to produce the accused on that date."
2019-07-01,1,2,1,10,"SPECIFIC - 4 accused: A-113, A-114, A-115, A-117",Police explained non-production of accused on production warrants by want of sufficient police force; no explanation at all was offered for Mukesh Modi and Rahul Modi. Court recorded the absence of explanation and issued fresh production warrants.,"Mukesh Modi and Rahul Modi again not produced and no explanation furnished; fresh production warrants issued for 30.07.2019, along with warrants for seven further accused. Priyanka Modi remanded to judicial custody till 15.07.2019. SFIO's application u/s 439(2) CrPC to cancel Vivek Harivyasi's bail and his own regular bail application listed for 05.07.2019; his bail extended meanwhile."
2019-07-15,1,1,1,11,SPECIFIC - 1 accused: A-117,No contentions recorded - production/remand order only.,"Priyanka Modi produced; remanded to judicial custody till 30.07.2019, to be produced by video conferencing."
2019-07-30,1,17,1,12,"GENERAL - all 187 accused; specifically named: 2 (A-1, A-187)","The first substantial contest on personal appearance. Bailable warrants were served but none of the accused appeared; instead they moved separate applications under s.205 CrPC seeking exemption on grounds of medical problems or personal reasons. SFIO opposed vehemently, calling the grounds false and fabricated. Court held that irrespective of the individual grounds there was no basis in fact or law for exemption, because the accused stood summoned for a non-bailable offence under the Companies Act 2013 triable as a warrant case; they were required to surrender and seek regular bail, and non-bailable warrants could even have been issued given the gravity of the allegations. SFIO also explained the group structures, so that A-1 to A-70 would be served through A-123, A-71 to A-78 through A-135, and the Harivyasi companies through A-115.","Composite order dealing with all 187 accused individually and by group. Fixes how the accused companies are to be served and represented through their authorised representatives u/s 305 CrPC (A-1 to A-70 through A-123 Rohit Modi; A-71 to A-78 through A-135 Sidharath Chauhan; A-79, A-90 to A-93 through A-115 Vivek Harivyasi). Complaint and supporting record, including a pen drive, directed to be supplied to all appearing accused. Adjourned to 13.08.2019."
2019-08-13,1,4,1,13,"SPECIFIC - 14 accused: A-113, A-114, A-115, A-117, A-120, A-122, A-123, A-125, A-126, A-130, A-131, A-134, A-140, A-142","Defence for Surender Singh (A-140) argued that Akshat Singh, the other director of the same companies A-81 and A-82, faced identical allegations, so his bail should await Akshat Singh's appearance; SFIO did not oppose and sought to verify issues. Court agreed that bail pleas within a set of companies would be similar and deciding one would affect the others, and adjourned. Another accused argued there was no summoning order against him under s.447 for violation of ss.73 and 74 read with the proviso to s.76-A. The core question identified for the group of bail applications was whether an offence under s.448 punishable under s.447 was made out against directors who had signed the account books without mala fide intention.","Bail applications of Surender Singh (A-140) and Jainam Rathod (A-130) adjourned to 20.08.2019, interim bail extended. A-113, A-114 and A-117 remanded to judicial custody on expiry of remand; A-115 remanded after production by video conferencing. A-120, A-122, A-123, A-125, A-126, A-131, A-134 and A-142 taken into custody in this case and remanded till 27.08.2019."
2019-08-27,1,1,1,14,"SPECIFIC - 11 accused: A-113, A-114, A-115, A-117, A-120, A-122, A-123, A-125, A-126, A-131, A-142",No contentions recorded - production/remand order only.,"Only Vivek Harivyasi produced; remanded to judicial custody till 04.09.2019. Ten other accused not produced by Central Jail, Jaipur without any intimation; production warrants issued for 04.09.2019 with a direction to furnish an explanation for non-production."
2019-08-28,1,1,1,16,"SPECIFIC - named without numbers: Jainam Singh Rathod, Surender Singh, Ajit Singh Rathor, Ram Lal Arya, Hemant Kumar Jain, Praveen Kumar, Damyanti Bhandar",No contentions recorded - production/remand order only.,Regular bail applications of twelve applicants dismissed by separate detailed order; they were taken into custody and remanded to judicial custody till 04.09.2019. Anticipatory bail application of Bharat Kumar Mardia also dismissed and warrant of arrest ordered.
2019-08-30,1,1,1,15,SPECIFIC - 1 accused: A-176,No contentions - bail/surety bonds furnished and attested in compliance with a higher court's order.,"Regular bail application of Raj Kumar Modi dismissed by separate detailed order and the interim bail of 13.08.2019 recalled. He was absent without explanation, so warrant of arrest ordered for 04.09.2019, his bail and surety bonds forfeited, and notice u/s 446 CrPC issued to his surety."
2019-09-04,1,13,1,17,"GENERAL - all 187 accused; specifically named: 17 (A-1, A-123, A-130, A-135, A-150, A-158, A-159, A-161, A-179, A-180, A-181, A-182, A-183, A-184, A-185, A-186, A-187)","Applicants sought interim protection pending their anticipatory bail applications. SFIO argued the accused had full knowledge of the summoning order and were intentionally avoiding service to delay the proceedings. Court reasoned that since the applicants had invoked s.438 and their applications were adjourned for reply, arrest in the meantime would render those applications infructuous; in the interest of a fair chance it directed that no coercive process issue until the bail applications were decided, expressly without any observation on merits. Separately, an exemption application was dismissed on the ground that the accused stood summoned for non-bailable offences in a serious economic fraud. Notice under s.446 CrPC issued to a surety who claimed he had merely signed the bonds as identifier.","Composite order across all 187 accused. Rohit Modi (A-123), authorised representative of companies A-1 to A-70, again not produced from Central Jail Jaipur; fresh production warrant for 16.09.2019 with an explanation sought. Fresh warrant of arrest against Sidharth Chauhan (A-135) whose anticipatory bail was dismissed on 01.08.2019. Eleven accused in custody remanded to judicial custody till 16.09.2019. Surety bond of Ichchhita Dungarwal (A-180) accepted; Neha Kataria (A-181) to appear on 03.10.2019."
2019-09-05,1,1,1,18,SPECIFIC - 1 accused: A-149,No contentions - adjournment only.,Vijay Shukla (A-149) placed on record the Supreme Court order adjourning his matter to 12.09.2019 with the interim direction of no coercive action continued. Directed to appear on 13.09.2019.
2019-09-13,1,2,1,19,"SPECIFIC - 3 accused: A-137, A-138, A-149",No contentions recorded in this order.,"Supreme Court matter of Vijay Shukla (A-149) adjourned to 19.09.2019 with interim protection extended; case put up 20.09.2019. Separately, bail applications of Shinder Pal Singh (A-137) and Gurbir Singh Sandhu (A-138) dismissed, interim protection against coercive process vacated, and warrants of arrest ordered for 03.10.2019 to be executed by a special police party, with Shinder Pal Singh's Chandigarh tenancy address to be endorsed on the warrant."
2019-09-16,1,1,1,20,SPECIFIC - 1 accused: A-174,"Defence produced the High Court's order of 13.09.2019 in CWP No.23904-2019 granting interim protection in the same terms as the Supreme Court's order in Vijay Shukla's case, and argued the arrest warrant therefore amounted to coercive process. Court accepted this and directed the warrant not be executed.","On the application of Paramvir Singh Sangwan (A-174), notice issued to SFIO for 27.09.2019. Since the High Court in CWP No.23904-2019 had granted him interim protection in the same terms as the Supreme Court order in Vijay Shukla's case, the warrant of arrest issued against him on 04.09.2019 was directed not to be executed, with information to DCP (HQ), Gurugram."
2019-09-16,2,9,1,21,"GENERAL - all 187 accused; specifically named: 27 (A-1, A-116, A-119, A-121, A-123, A-124, A-128, A-129, A-132, A-133, A-135, A-136, A-139, A-141, A-143, A-146, A-147, A-154, A-156, A-157, A-160, A-162, A-173, A-174, A-175, A-177, A-187)","SFIO alleged that Mukesh Modi (A-113), Rahul Modi (A-114) and Ishwar Singh Sindal (A-131) had been taken by Ahmedabad police and not returned to Central Jail, Jaipur. The Jail Superintendent's written reply blamed an ACMM Jaipur order; the court rejected it as baseless, observing the ACMM had never directed the jail not to produce the accused elsewhere and had no authority to prevent their production before a Special Court of a Sessions Judge.",Composite order across all 187 accused. Jail Superintendent's explanation for non-production of Rohit Modi (A-123) rejected as baseless; fresh production warrant for 03.10.2019 with copies to ACMM and SSP Jaipur and a warning of action against the police authorities. Fresh warrant of arrest against Sidharth Chauhan (A-135). Anticipatory bail of Praveen Maheshwari (A-156) and Rajeev Maheshwari (A-157) allowed. Twenty-one absent accused listed for 03.10.2019. Accused in custody remanded till 30.09.2019.
2019-09-17,1,1,1,22,"SPECIFIC - 2 accused: A-156, A-157","Six accused sought relaxation of the passport and travel conditions, arguing they were senior executives who must travel at short notice, that the condition impeded their duties, and that there was no prima facie evidence against them - a point the court had already observed when granting bail. SFIO conceded at the bar that as to these six it was essentially a case of no evidence. Court relaxed and recalled the passport and travel conditions.","Six accused furnished bail and surety bonds. The condition of surrendering passports and not leaving India was relaxed and recalled, the SFIO conceding it was essentially a case of no evidence against these six. Avanish Kumar Tyagi's affidavit of holding no passport accepted. All directed to appear on 03.10.2019."
2019-09-18,1,1,1,23,SPECIFIC - 1 accused: A-115,"Both sides relied on new facts and case law against each other and jointly sought time to study the authorities before addressing arguments; adjourned, bail extended.",Arguments on Vivek Harivyasi's bail part-heard; both sides sought time to consider case law. Adjourned for further arguments and his existing bail extended on the same terms. (The order text is dated 11.07.2019 although the portal lists it under 18.09.2019.)
2019-09-18,2,17,1,24,"GENERAL - all 187 accused; specifically named: 2 (A-1, A-187)","SFIO applied to correct clerical errors in the summoning order of 03.06.2019, explaining that in Para 9 some names had been omitted and others wrongly inserted through a copy-paste error while repeatedly pasting names - in particular A-115 to A-141 omitted from sub-para (I), companies omitted from (V), A-122 omitted from (VI), A-154 wrongly substituted for A-126 in (VII). Court applied the principle that an error apparent on the face of the record does not depend for its discovery on argument or disputation, and that a clerical error is a mistake in writing or typing, and allowed the correction, the discussion in the order having carried the correct details of their roles throughout.","SFIO's application to correct clerical errors in the summoning order dated 03.06.2019 allowed. Names of accused and companies omitted or wrongly inserted in Para 9 sub-paras (I), (V), (VI), (VII) and (VIII) through a copy-paste error were corrected, and the corrected Para 9 (I) to (XX) was substituted and made part of the main order. (Order text dated 11.07.2019 although listed under 18.09.2019.)"
2019-09-18,3,3,1,25,"SPECIFIC - 13 accused: A-116, A-118, A-127, A-155, A-163, A-164, A-165, A-166, A-170, A-171, A-172, A-178, A-187","Twelve anticipatory bail applications part-heard and directed to be decided simultaneously as arising from the same facts. On Nitin Rathore's (A-116) application to cancel his arrest warrant, counsel confirmed he was not surrendering but would join the trial when directed. Court dismissed it: if he had genuinely shifted address 5-6 years earlier, his knowledge of the pendency of the complaint was unexplained; that knowledge showed he was aware of the proceedings and the application was filed merely to gain time, and was not maintainable absent surrender.","Twelve anticipatory bail applications part-heard and directed to be decided simultaneously as arising from the same allegations. Application of Nitin Rathore (A-116) to cancel the warrant of arrest dismissed as not maintainable, he having declined to surrender; the court held his knowledge of the proceedings showed deliberate avoidance of service."
2019-09-20,1,1,1,26,SPECIFIC - 1 accused: A-149,No contentions recorded in this order.,"Supreme Court declined to continue interim relief to Vijay Shukla (A-149) but granted liberty to seek anticipatory or regular bail, extending protection for ten days. No application having been filed, he was left at liberty to seek remedies within that time; matter put up 03.10.2019."
2019-09-21,1,1,1,27,"SPECIFIC - 2 accused: A-118, A-127",No contentions - adjournment only.,Orders on the anticipatory bail applications of Abhay K. Shah and Jinender Vyas were not ready; adjourned to 23.09.2019.
2019-09-23,1,2,1,28,"SPECIFIC - 14 accused: A-118, A-121, A-127, A-155, A-160, A-163, A-164, A-165, A-166, A-170, A-171, A-172, A-178, A-187","Part arguments heard in twelve anticipatory bail applications. Counsel for Shiv Raj Sharma sought a date because a similarly placed accused's petition was pending in the High Court on 27.09.2019, and SFIO sought time to clarify technical issues raised by the defence. Adjourned on joint request, with no further opportunity.","Part arguments heard in twelve anticipatory bail applications; further arguments fixed for 30.09.2019 with no further opportunity. Anticipatory bail of Abhay K. Shah (A-127) dismissed by separate order, interim protection recalled and warrant of arrest ordered for 03.10.2019 as he had not surrendered. Orders on Jinender Vyas's application deferred to 24.09.2019."
2019-09-24,1,1,1,29,"SPECIFIC - 2 accused: A-118, A-174",No contentions recorded in this order.,Anticipatory bail application of Jinender Vyas (A-118) dismissed by separate order; interim protection recalled and warrant of arrest ordered for 03.10.2019 as he had not surrendered. Paramvir Singh Sangwan's application for withdrawal of his arrest warrant listed for 27.09.2019.
2019-09-27,1,1,1,30,SPECIFIC - 1 accused: A-174,"Defence placed on record that the High Court on 26.09.2019 had fixed CWP No.23904 of 2019 and directed this court to decide the bail application on its merits, though the certified copy had not arrived. Court noted the arrest warrant already issued and the pending anticipatory bail, and directed the warrant not be executed till 04.10.2019, subject to further High Court directions.","Application of Paramvir Singh Sangwan (A-174) for withdrawal of the warrant of arrest disposed of. Since he had filed an anticipatory bail application to be heard with those of similarly placed accused, the warrant was directed not to be executed till 04.10.2019, subject to further directions of the High Court in CWP No.23904 of 2019."
2019-09-30,1,1,1,31,"SPECIFIC - 14 accused: A-115, A-117, A-130, A-140, A-150, A-158, A-159, A-161, A-179, A-182, A-183, A-184, A-185, A-186",No contentions recorded - production/remand order only.,"Heard by the Additional Sessions Judge, the Sessions Judge being on casual leave. Presence of Vivek Harivyasi (A-115) marked through video conferencing. Thirteen accused in custody produced and remanded to judicial custody till 14.10.2019."
2019-10-03,1,6,1,32,"SPECIFIC - 36 accused: A-80, A-83, A-103, A-107, A-110, A-116, A-118, A-119, A-121, A-124, A-127, A-128, A-129, A-132, A-133, A-135, A-136, A-137, A-138, A-139, A-141, A-143, A-144, A-145, A-146, A-147, A-148, A-151, A-152, A-153, A-154, A-160, A-162, A-173, A-175, A-177","A run of exemption applications, contested. Aditya Sarda (A-141) pleaded viral fever; SFIO argued the application was not maintainable because a warrant of arrest had already issued, and the defence relied on Arunkumar N. Chaturvedi v. State of Maharashtra and Chundru Ammanna v. Asst. Commissioner of Labour on maintainability. Praveen and Rajeev Maheshwari pleaded being out of station on official work, which the court expressly said it was not at all satisfied with. Counsel for A-155, A-163 to A-166 and A-170 to A-178 argued their clients' absence was covered by the court's own observations of 04.09.2019. Company representatives pleaded fever or being out of station; exemption was allowed for that day only, the court taking a lenient view while recording dissatisfaction with the grounds.","Composite order. Applications for permanent exemption from personal appearance by A-144, A-145, A-148 and A-151 listed for reply. Exemption sought by Aditya Sarda (A-141) contested as non-maintainable given his outstanding arrest warrant. Exemption allowed for that day only to company accused A-103 and A-110. Bailable warrants against A-152, A-153, A-83, A-107 and A-80 and non-bailable warrants against twenty-four named accused, all received back unexecuted, re-issued for 19.10.2019. Ten accused produced in custody remanded till 19.10.2019."
2019-10-04,1,1,1,33,"SPECIFIC - 16 accused: A-116, A-121, A-149, A-155, A-160, A-162, A-163, A-164, A-165, A-166, A-170, A-171, A-172, A-174, A-178, A-187",No contentions - adjournment only.,"Formal order recording that the bail applications had been dealt with by separate orders of even date, requiring no repetition. Case adjourned to 14.10.2019."
2019-10-14,1,1,1,34,"SPECIFIC - 14 accused: A-115, A-117, A-130, A-140, A-150, A-158, A-159, A-161, A-179, A-182, A-183, A-184, A-185, A-186",No contentions recorded in this order.,Presence of thirteen accused in custody marked through video conferencing and Priyanka Modi (A-117) produced in person. All directed to be produced on 19.10.2019.
2019-10-19,1,14,1,35,"GENERAL - all 187 accused; specifically named: 18 (A-1, A-123, A-130, A-135, A-149, A-150, A-158, A-159, A-161, A-179, A-180, A-181, A-182, A-183, A-184, A-185, A-186, A-187)","Routine - exemption applications only (fever, diarrhoea, lung infection, pending High Court remedy). One contested: exemption sought because the accused had approached the High Court was strongly opposed by SFIO. Notice under s.446 CrPC continued against a surety's identifier who claimed he had merely signed the bonds.","Composite roll-call order. Rohit Modi (A-123) again not produced for want of police escort; fresh production warrant for 02.11.2019. Fresh warrant of arrest against Sidharth Chauhan (A-135). Fresh bailable warrant against Vijay Shukla (A-149), his Supreme Court petition having been disposed of on 19.09.2019. Production warrants for eleven accused in custody not produced from Bhondsi jail. A-180 and A-181 appeared and were directed to appear on 02.11.2019."
2019-11-02,1,15,1,36,"GENERAL - all 187 accused; specifically named: 7 (A-1, A-115, A-123, A-135, A-180, A-181, A-187)","Routine - exemption applications only (duties as a senior executive at DLF, a meeting at Chennai, viral fever, an unwell infant). Two contested: the exemption sought on the ground of a pending High Court remedy was strongly opposed by SFIO, as was the viral-fever plea of A-147. A-141 pleaded non-supply of documents.",Composite roll-call order. Rohit Modi (A-123) produced from Jaipur and remanded to judicial custody till 22.11.2019 through video conferencing; Vivek Harivyasi (A-115) likewise produced and remanded. Fresh warrant of arrest against Sidharth Chauhan (A-135). Personal appearance of Ichchhita Dungarwal (A-180) exempted for the day on medical grounds relating to her infant child; Neha Kataria (A-181) directed to appear on 22.11.2019.
2019-11-08,1,1,1,37,"NONE - procedural, no accused affected",No contentions - adjournment only.,"Short adjournment order recording that 11.11.2019 had been declared a local holiday, so the case was adjourned for the same purpose already fixed. The text is a generic pro-forma ('State Vs') with the adjourned date left blank."
2019-11-22,1,18,1,38,"GENERAL - all 187 accused; specifically named: 6 (A-1, A-123, A-135, A-180, A-181, A-187)","Largely exemption applications (a nephew's wedding at Jodhpur, an unwell infant, vertigo, pending High Court remedy, non-supply of documents). Substantive point: on the permanent exemption applications of A-180 and A-181, the court reasoned that no effective proceedings were being conducted because the case remained at the summoning stage, and exempted them till further orders, impressing on counsel that he must appear on every date.","Composite roll-call order. Rohit Modi (A-123) produced by video conferencing and remanded till 17.12.2019. Sidharth Chauhan's (A-135) bail having also been dismissed by the High Court on 13.11.2019 and he still not having surrendered, fresh warrant of arrest issued. Applications of Ichchhita Dungarwal (A-180) and Neha Kataria (A-181) for exemption from personal appearance allowed until further orders, the court noting that no effective proceedings were being conducted as the case remained at the summoning stage."
2019-12-17,1,16,1,39,"GENERAL - all 187 accused; specifically named: 9 (A-1, A-123, A-135, A-179, A-180, A-181, A-182, A-185, A-187)","Routine - exemption applications (pending High Court remedy, non-supply of documents, pending anticipatory bail). The court declined the application for cancellation of a warrant of arrest and directed the prosecutor to supply complete and correct addresses within 7 days before fresh bailable warrants issued.","Composite roll-call order. Rohit Modi (A-123) remanded till 31.01.2020. Fresh warrant of arrest against Sidharth Chauhan (A-135). Damyanti Bhandari (A-179), Nimesh Kumar Ramesh Chandra Soni (A-182) and Shashank Shekhar Singh Rathore (A-185) directed to have their statements recorded separately as approvers, in compliance with the High Court's direction while granting them bail. Exemptions of A-180 and A-181 continued."
2020-01-31,1,10,2,40-41,"GENERAL - all 187 accused; specifically named: 26 (A-1, A-80, A-115, A-123, A-130, A-135, A-140, A-149, A-150, A-154, A-156, A-157, A-158, A-159, A-161, A-174, A-176, A-179, A-180, A-181, A-182, A-183, A-184, A-185, A-186, A-187)","Mostly exemption. One reasoned grant: A-154 Bharat Kumar Mardia, A-156 Praveen Maheshwari and A-157 Rajeev Maheshwari sought exemption till further orders on the ground that they reside in different places, carry on business across India, and the case is only at the initial stage of appearance. Orally opposed. Court allowed it and exempted them till further orders.","Composite roll-call order. Rohit Modi (A-123), Vivek Harivyasi (A-115), Surender Singh (A-140), Jainam Rathod (A-130) and Raj Kumar (A-176) produced by video conferencing and remanded till 08.05.2020. Fresh warrant of arrest against Sidharth Chauhan (A-135); fresh bailable warrants against company A-80. No coercive process to issue against accused whose bail applications remained pending. Application to cancel the bailable warrant against Vijay Shukla (A-149) listed for 18.02.2020. Thirteen accused on bail directed to appear on 08.05.2020."
2020-05-08,1,1,1,42,GENERAL - all 187 accused,No contentions - adjournment only.,"Case adjourned to 24.09.2020 for the purpose already fixed, pursuant to the District and Sessions Judge's administrative order of 02.05.2020 on account of the COVID-19 outbreak."
2020-09-24,1,3,2,43-44,"SPECIFIC - 25 accused: A-86, A-87, A-88, A-94, A-98, A-101, A-102, A-103, A-104, A-108, A-110, A-111, A-112, A-115, A-146, A-147, A-163, A-164, A-166, A-171, A-174, A-175, A-178, A-180, A-181",Routine - exemption. Vijay Jindal (A-175) sought exemption on the ground that he was being admitted to AIIMS Delhi and could not attend because of COVID-19. Refused: his anticipatory bail had been dismissed by this court and no protection had been granted by the High Court.,"Case adjourned to 14.01.2021 for appearance of the accused because of the COVID-19 situation; bailable and non-bailable warrants to issue as per earlier orders against accused not on bail, protected or exempted. Exemption applications of numerous authorised representatives and accused allowed, except that of Vijay Jindal (A-175), which was dismissed as his anticipatory bail had been refused and the High Court had granted him no protection. Interim protection of Mahesh Dutt Sharma (A-178) noted as extended to 03.11.2020. Bail bonds of Vimal Sanwarmal Sharma (A-147) accepted and attested."
2020-10-06,1,1,1,45,SPECIFIC - 1 accused: A-171,No contentions - bail/surety bonds furnished and attested in compliance with a higher court's order.,Raj Kumar Bohra furnished the bail and surety bonds required by the order of 11.08.2020; bonds accepted and papers tagged with the main file.
2021-01-14,1,1,2,46-47,GENERAL - all 187 accused,No contentions - adjournment only.,Case adjourned to 15.01.2021 pursuant to the District and Sessions Judge's administrative order of 02.01.2021 on account of COVID-19.
2021-01-15,1,3,2,48-49,"SPECIFIC - 35 accused: A-86, A-88, A-94, A-98, A-101, A-112, A-113, A-114, A-115, A-117, A-120, A-122, A-123, A-125, A-126, A-130, A-131, A-134, A-140, A-142, A-144, A-149, A-151, A-158, A-159, A-161, A-163, A-164, A-166, A-171, A-174, A-176, A-179, A-182, A-187","Routine - exemption. Vijay Shukla (A-149) sought exemption because he had gone to Chandigarh in connection with his anticipatory bail; dismissed, that application having been refused here and no protection subsisting.","Roll-call for appearance. Exemption applications of the authorised representatives of company accused and several individuals allowed, except that of Vijay Shukla (A-149), dismissed because his anticipatory bail had been refused and no protection subsisted. Bailable and non-bailable warrants to issue for 19.02.2021 against accused neither on bail, protected nor exempted. Fourteen accused in custody could not be produced as the video link failed. Counsel for Surender Singh (A-140) directed to file his latest medical and treatment record. Applications of seven accused to become approvers allowed to be taken up, statements to be recorded on 19.02.2021. Mahesh Kumar Tak (A-187) reported dead."
2021-01-18,1,1,2,51-52,"SPECIFIC - 14 accused: A-113, A-114, A-117, A-120, A-122, A-123, A-125, A-126, A-130, A-131, A-134, A-140, A-142, A-176","Counsel for Surender Singh (A-140) said he could not assist and sought adjournment as his senior was unavailable, having filed only a medical certificate and no treatment record. Court adjourned but directed the issuing or treating doctor to produce the record through a person conversant with the accused's condition.","Accused in custody again not produced as the video link was not connected. Only a medical certificate and no treatment record having been filed for Surender Singh (A-140), the case was adjourned to 19.01.2021 with a direction to the issuing or treating doctor at Virat Hospital, Rewari to produce the treatment record through a responsible person conversant with his condition."
2021-01-19,1,1,2,53-54,"SPECIFIC - 3 accused: A-130, A-140, A-176",No contentions recorded in this order.,Only Jainam Rathod (A-130) and Raj Kumar Modi (A-176) produced by video conferencing. The hospital produced only an ICU chart and blood reports for Surender Singh (A-140) through a nursing in-charge unable to speak to his condition. Adjourned to 21.01.2021 for the treating doctor to appear with the complete medical record.
2021-01-21,1,1,2,55-56,SPECIFIC - 1 accused: A-140,"On the medical condition of Surender Singh (A-140). Counsel explained the hospital's staff were stuck in a traffic jam near Masani because of the Kisan Andolan and undertook to email the record. Dr Viratveer Yadav deposed by video conferencing that the accused had been infected with COVID-19, was on intermittent BiPAP support with severe pulmonary fibrosis, but was recovering well and could be moved in 10-15 days, adding that moving him sooner would be against medical advice. SFIO had no objection. Court directed he be shifted to District Jail, Bhondsi after ten days, with liberty to SFIO to have his condition verified by a Medical Board.","Dr. Viratveer Yadav appeared by video conferencing and stated that Surender Singh (A-140) had been infected with COVID-19 and remained on intermittent BiPAP support with severe pulmonary fibrosis, but was recovering and could be moved within 10 to 15 days. The court directed that he be shifted to District Jail, Bhondsi after ten days, on 01.02.2021, and gave the SFIO liberty to have his condition and treatment verified by a Medical Board."
2021-02-02,1,1,2,57-58,"SPECIFIC - 18 accused: A-113, A-114, A-117, A-120, A-122, A-123, A-125, A-126, A-130, A-131, A-134, A-140, A-142, A-149, A-176, A-179, A-182, A-185","Counsel submitted that the presence of A-179, A-182 and A-185 on 15.01.2021 had been omitted; the attendance sheet bore them out and the earlier order was corrected. On production of the High Court order of 28.01.2021 in CRM No.24870/2020, the court directed that no coercive action be taken against Vijay Shukla (A-149) on the non-bailable warrant or otherwise.","Accused in custody largely not produced for want of a video link. Presence of Shashank Shekhar (A-185), Nimesh Kumar (A-182) and Damyanti Bhandari (A-179) on 15.01.2021 had been omitted by typographical error; the order of that date was corrected to record them present. On production of the High Court order dated 28.01.2021 in CRM No.24870/2020, it was directed that no coercive action be taken against Vijay Shukla (A-149) on the basis of the non-bailable warrant or otherwise."
2021-02-19,1,4,2,59-60,"SPECIFIC - 16 accused: A-130, A-140, A-150, A-155, A-158, A-159, A-161, A-175, A-176, A-179, A-182, A-183, A-184, A-185, A-186, A-187","Mostly exemption. Reasoned grant: Paramvir Singh Sangwan (A-174) sought exemption till further orders on the ground that he is 74 years old, suffers from various age-related illnesses, and faced a high risk of COVID-19 infection. Counsel for A-149 relied on High Court protection against coercive methods. The jails reported the accused had been taken on police remand by the Rajasthan police.","Roll-call for appearance. Statements of ten accused seeking to become approvers were scheduled in pairs across 05.03.2021, 19.03.2021, 02.04.2021, 16.04.2021 and 30.04.2021. Accused on bail directed to appear on 07.05.2021 and warrants to issue for that date against the remainder. Death reports of Mahender Kumar Tak (A-155) and Mahesh Kumar Tak (A-187) called for from the SHO concerned."
2021-02-24,1,1,2,61-62,"SPECIFIC - 2 accused: A-180, A-181",No contentions recorded in this order.,"On the application of Ichchhita Dungarwal (A-180) and Neha Kataria (A-181), whose counsel had omitted to sign the attendance sheet on 19.02.2021, their presence was marked through counsel, notice deemed served and no fresh notice ordered."
2021-03-05,1,1,1,63,"SPECIFIC - 6 accused: A-130, A-140, A-150, A-158, A-175, A-176",SFIO sought a date for recording the approver statements of A-150 and A-158 because the Investigating Officer was unavailable and their proposed evidence had to be considered by him before submissions. Allowed; all scheduled approver dates deferred.,Four accused produced from custody by video conferencing and directed to be produced again on 19.03.2021; production warrants for the remainder said to be in Jodhpur Jail. Statements of Ram Lal Arya (A-158) and Ajit Singh Rathore (A-150) as approvers not recorded because the Investigating Officer was unavailable; all scheduled approver dates deferred to 07.05.2021.
2021-03-19,1,1,1,64,"SPECIFIC - 4 accused: A-130, A-140, A-175, A-176",No contentions recorded - production/remand order only.,"Raj Kumar Modi (A-176) and Jainam Rathod (A-130) produced by video conferencing and Surender Singh (A-140) produced by the jail authorities. Other accused in Jodhpur Jail not produced; production warrants issued for 02.04.2021 and show cause notice ordered to the Superintendent, Jail Jodhpur. Vijay Jhindal (A-175), admitted in the General Hospital, Gurugram, to be produced by video conferencing from hospital if possible."
2021-04-02,1,3,1,65,"SPECIFIC - 12 accused: A-113, A-114, A-117, A-120, A-122, A-123, A-125, A-126, A-131, A-134, A-142, A-175",No contentions recorded - production/remand order only.,"Production warrants returned served but the accused were not produced, the Jaipur and Jodhpur police stating they were on police remand in FIR No.218/2019 (Vidhayakpuri, Jaipur) and FIR No.136/2021 (Mahamandir, Jodhpur). Notice issued to the Superintendent, Jail Jaipur for a detailed reply on the remands, and a fresh show cause notice to the Superintendent, Jail Jodhpur, warning of proceedings against him. Fresh production warrants for 16.04.2021, and a report on Vijay Jhindal (A-175) called from the CMO, Gurugram."
2021-04-16,1,2,1,66,"SPECIFIC - 12 accused: A-113, A-114, A-117, A-120, A-122, A-123, A-125, A-126, A-131, A-134, A-140, A-142","The jail authorities submitted Virender Modi (A-122) could not be produced because he was on interim bail till 17.04.2021, and that Rahul and Mukesh Modi could not be produced from Jodhpur for want of escort, the Superintendent regretting the inconvenience. Court observed pointedly that it had never granted Virender Modi any such bail and that, being in custody in this case, he was legally bound to be produced; it required the Jodhpur authorities to explain the circumstances in which he was released on interim bail.","Complaint received on transfer to a new court and directed to be checked and registered. Eight accused produced from Jaipur jails. Virender Modi (A-122) was not produced, the jail authorities claiming he was on interim bail till 17.04.2021 although this court had granted no such bail; the Superintendent, District Jail Jodhpur was directed to explain the circumstances and to produce him by video conferencing. Reply on non-production of Mukesh Modi and Rahul Modi awaited; all accused to be produced by video conferencing on 30.04.2021."
2021-04-30,1,1,1,67,"SPECIFIC - 12 accused: A-113, A-114, A-117, A-120, A-122, A-123, A-125, A-126, A-131, A-134, A-140, A-176",No contentions recorded - production/remand order only.,"Production status recorded jail by jail. Priyanka Modi and seven accused from Central Jail Jaipur and two from Bhondsi produced by video conferencing, kept in judicial custody and directed to be produced on 20.05.2021. Production warrants issued to the Superintendents of District Jail Jodhpur (for Rahul and Mukesh Modi) and Jaipur (for Surender Singh). Virender Modi recorded as on interim bail from the High Court."
2021-05-20,1,1,1,68,GENERAL - all 187 accused,No contentions - adjournment only.,"Case adjourned to 08.09.2021 in compliance with the District and Sessions Judge's order of 13.05.2021, the matter being routine; the long date was explained by the heavy pendency of older cases requiring priority in the newly constituted court."
2021-08-04,1,2,1,69,"SPECIFIC - 2 accused: A-155, A-187",No contentions recorded in this order.,"SFIO's application under Sections 299 read with 317 CrPC for a separate trial of the unserved accused dismissed as devoid of merit: process had been issued, nothing showed the accused had absconded, and the court held the department appeared to be avoiding its responsibility to secure their arrest. Section 317 was also held inapplicable at the stage of securing appearance. The court's own staff was warned for failing to record that the accused had been summoned for 07.05.2021, and bailable warrants of Rs.5,000 with one surety were directed to issue in rectification. Death reports of A-155 and A-187 called for."
2021-08-04,2,2,1,70,"SPECIFIC - 25 accused: A-116, A-118, A-119, A-121, A-127, A-128, A-129, A-133, A-135, A-136, A-137, A-138, A-139, A-141, A-143, A-149, A-152, A-153, A-160, A-162, A-165, A-170, A-172, A-173, A-177","Court's own correction. Noting that the predecessor had, with reasons, directed warrants of arrest on 04.09.2019 against fifteen named accused, it corrected its order of even date so that they be summoned by warrant of arrest rather than bailable warrant - bailable process having yielded no result in their case.","Corrective order of the same date. Fifteen named accused, against whom the predecessor had directed warrants of arrest on 04.09.2019, were to be summoned by warrant of arrest rather than bailable warrant, bailable process having yielded no result. Seven further accused earlier ordered to be arrested were likewise to be summoned by warrant of arrest, while three were to be summoned by bailable warrants."
2021-08-17,1,3,1,71,SPECIFIC - 1 accused: A-176,"Interim bail on the Supreme Court's reasoning. That court held that, having granted interim bail to the principal accused Vivek Harivyasi on 17.12.2020, Raj Kumar Modi likewise deserved release on interim bail on such terms as the trial court might impose. This court read the order as granting interim bail without any time limit, subsisting until the Supreme Court directed otherwise.","Raj Kumar Modi admitted to interim bail pursuant to the Supreme Court's order of 16.08.2021 in SLP (Crl.) No.618 of 2020, which had followed its earlier order granting interim bail to the principal accused Vivek Harivyasi. Bail on a personal bond of Rs.1,00,000 with one surety, subject to five conditions including no travel abroad without permission, surrender of passport, no tampering with evidence and sharing his location with the SFIO. Two FDRs of the surety Rekha Modi retained on file and the bank informed."
2021-09-06,1,1,1,72,"NONE - procedural, no accused affected",No contentions recorded in this order.,"No one appeared for the complainant; case put up on 08.09.2021, the date already fixed."
2021-09-08,1,6,1,73,"GENERAL - all 187 accused; specifically named: 6 (A-1, A-83, A-155, A-175, A-177, A-187)","DRI, through its Senior Special Public Prosecutor, applied for permission to enquire under s.108 of the Customs Act 1962 from Jainam Madhukant Rathore (A-130). A representative was allowed to appear for a company on the strength of an authority letter and resolution. The order also records that ten accused had been granted High Court bail on the condition that they cooperate with the prosecution as approvers.","Comprehensive roll-call order recording how each of the 187 accused is represented, company by company, through named authorised representatives or co-accused. Fresh warrants of arrest issued for 23.12.2021 against the accused evading arrest, with a direction that the executing staff attach proof of their visits to the given addresses so the court could decide whether to initiate proclamation proceedings under Section 82 CrPC. Notice on the application of Rajeev Kumar Rana (A-177) for cancellation of his warrant. Fresh notice to accused company A-83 under Section 305(2) CrPC. Death reports called for in respect of A-155, A-187 and, newly reported deceased, Vijay Kumar Jhindal (A-175). Accused on bail excused from attending on miscellaneous dates."
2021-09-09,1,1,1,74,"NONE - procedural, no accused affected",No contentions - adjournment only.,Adjourned on request to 15.09.2021 for arguments on the application moved on behalf of the Directorate of Revenue Intelligence.
2021-09-15,1,1,1,75,SPECIFIC - 1 accused: A-170,No contentions recorded in this order.,Operative order recording that the application of Sudhir Mehta was dismissed by a separate detailed order of even date.
2021-09-15,2,4,1,76,SPECIFIC - 1 accused: A-170,"A genuine legal contest. Sudhir Mehta (A-170) applied under s.70(2) CrPC to recall the arrest warrants, relying on Aman Preet Singh v. CBI and Siddharth v. State of U.P. to argue that his arrest was unnecessary and his case squarely covered. The Special Prosecutor replied that his anticipatory bail was already pending before the High Court - a fact concealed in the application - so it was not maintainable here, and that the benefit of the cited law was not available to an accused summoned for offences punishable under the Companies Act, which is a special statute having prevailing impact over the general law. Court dismissed it on concealment alone, and held additionally that with the High Court seized of the matter and no interim stay granted, it could not entertain the request.","Detailed order dismissing Sudhir Mehta's application under Section 70(2) CrPC to recall the orders of 04.08.2021 and 08.09.2021 and cancel the warrant of arrest. Dismissed principally for concealment, the applicant not having disclosed that his bail petition was pending before the High Court, and further because that court was already seized of the matter with no interim stay. The prosecution further argued that the law cited did not assist an accused summoned for offences under the Companies Act, a special statute having prevailing impact over the general law."
2021-09-15,3,1,1,77,"NONE - procedural, no accused affected",No contentions recorded in this order.,Application of the Directorate of Revenue Intelligence listed for arguments on 17.09.2021 at the request of its Senior Special Public Prosecutor.
2021-09-15,4,5,1,78,SPECIFIC - 1 accused: A-171,"Travel permission, contested only half-heartedly. Raj Kumar Bohra (A-171) set out his compliance history: passport deposited on 06.10.2020, permission to travel to UAE and Bangladesh granted on 23.11.2020 against Rs.1 crore security, returned before 14.01.2021, and attendance marked on 15.01.2021 and 19.02.2021. He argued he was not a flight risk and there was no apprehension of his evading trial, and sought to be excused from depositing his passport at every hearing with the existing surety treated as continuing. SFIO opposed orally and half-heartedly, not disputing that earlier permissions had been complied with. Permission granted on the Rs.1 crore security and itinerary conditions.","Raj Kumar Bohra, a chartered accountant with family and business interests in the UAE, permitted to travel abroad from 14.09.2021 and to return before 23.12.2021, the court noting he had not misused similar permissions granted in January and February 2021. Conditional on furnishing security of immovable property or a bank guarantee worth Rs.1 crore, forfeit to the State on misuse, and on strict adherence to the itinerary filed."
2021-09-15,5,1,1,79,SPECIFIC - 1 accused: A-177,No contentions - adjournment only.,Prosecution's reply filed to Rajeev Kumar Rana's application for cancellation of the non-bailable warrant and exemption from personal appearance; adjournment allowed for arguments on 22.09.2021.
2021-09-17,1,2,1,80,SPECIFIC - 1 accused: A-130,"DRI submitted that its investigation into evasion of customs duty against M/s Shivani Network and Jainam Madhukant Rathod alias Jainam Jain was at an advanced stage and sought permission for three named officers to make enquiries under s.108 of the Customs Act 1962, carrying their departmental records. Permitted; the jail directed to allow the visit on 21.09.2021.","Directorate of Revenue Intelligence permitted to make enquiries under Section 108 of the Customs Act 1962 from Jainam Madhukant Rathod alias Jainam Jain, in judicial custody since 28.08.2019, in connection with a customs duty evasion investigation against M/s Shivani Network. Three named intelligence officers allowed to visit District Jail, Bhondsi on 21.09.2021 with their departmental records."
2021-09-17,2,1,1,83,"SPECIFIC - 2 accused: A-150, A-158",No contentions recorded in this order.,"Ajit Singh Rathore (A-150) and Ram Lal Arya (A-158) appeared to record their statements as approvers, but no court time remained; fixed for 14.10.2021 with directions to appear in person."
2021-09-22,1,1,1,81,SPECIFIC - 1 accused: A-177,No contentions recorded in this order.,Operative order recording that Rajeev Kumar Rana's application was dismissed by a separate detailed order of even date.
2021-09-22,2,25,1,82,SPECIFIC - 1 accused: A-177,"The most fully argued order in the set - 25 pages. Rajeev Kumar Rana (A-177) sought cancellation of the arrest warrant, arguing that he was never arrested during the investigation, which he had joined and cooperated with, and that under Siddharth v. State of U.P. and Aman Preet Singh v. CBI he could not be arrested now; he also relied on anticipatory bail granted to comparable accused by the Allahabad High Court and the Supreme Court, including to a co-accused in this very complaint. The Special Prosecutor replied that the case is governed by a special statute, that the application was not maintainable as anticipatory bail had been refused on 04.09.2019 and the challenge withdrawn on 01.10.2019, and that the court must additionally satisfy itself of the special statute's requirements over and above the CrPC. Court framed the question as whether non-arrest during investigation entitles an accused to immunity once process has issued, where anticipatory bail was refused and he has not appeared despite warrants. It held Aman Preet Singh and Siddharth distinguishable - neither dealt with s.212(6) of the Companies Act 2013, Aman Preet Singh turning on s.170 CrPC in an IPC case and Siddharth on anticipatory bail outside the Companies Act - and dismissed the application as a misuse of process seeking relief available only to an accused already on bail.","Detailed twenty-five page order dismissing Rajeev Kumar Rana's application for cancellation of the non-bailable warrant and exemption from personal appearance. The court held that the Supreme Court's decisions in Aman Preet Singh v. CBI and Siddharth v. State of U.P. were distinguishable, neither having dealt with Section 212(6) of the Companies Act 2013, a special statute independent of the CrPC on the question of bail, and characterised the application as a misuse of process seeking relief available only to an accused already on bail."
2021-10-14,1,1,1,84,"SPECIFIC - 2 accused: A-150, A-158",No contentions recorded in this order.,"Ajit Singh Rathore (A-150) and Ram Lal Arya (A-158) again appeared to record their approver statements, but the court was on second-half casual leave; recording fixed for 23.12.2021."
2021-10-30,1,3,1,85,SPECIFIC - 1 accused: A-140,"Interim bail on the Supreme Court's reasoning: it found prima facie force in the submission that the loan was taken by the company seven years before the petitioner became a director, that he was merely an authorised signatory to a 2017 document, that co-accused had already been granted interim bail, and that he had been in custody since 2019. Before this court, counsel explained the surety could not immediately produce an FDR and offered Rs.1,00,000 in cash; the court allowed the cash deposit with liberty to substitute an FDR and claim refund.","Surender Singh admitted to interim bail pursuant to the Supreme Court's order of 29.10.2021 in SLP (Crl.) No.6847 of 2021, which noted he had been in custody since 2019, that the company loan predated his directorship by seven years, and that co-accused had already been granted interim bail. Personal bond of Rs.1,00,000 with one surety, the surety permitted to deposit cash pending an FDR. Release conditional on his depositing his passport in the Supreme Court Registry, to be noted in red ink on the release warrant."
2021-12-23,1,1,1,86,GENERAL - all 187 accused,No contentions - adjournment only.,"Case adjourned to 25.03.2022 for the same purpose, the presiding judge being on casual leave from 20 to 23.12.2021."
2022-02-14,1,1,1,87,SPECIFIC - 1 accused: A-117,No contentions recorded in this order.,"Priyanka Modi ordered to be released on bail pursuant to the Supreme Court's order of 07.02.2022 in Criminal Appeal No. M-189 of 2022, on a bond of Rs.1,00,000 with one surety. Release order issued and the surety's FDR protected by a direction to the State Bank of India, Jodhpur, that it not be encashed without court order."
2022-03-25,1,39,1,88,"GENERAL - all 187 accused; specifically named: 18 (A-1, A-83, A-124, A-127, A-132, A-135, A-139, A-150, A-158, A-159, A-161, A-179, A-182, A-183, A-184, A-185, A-186, A-187)","The order that opened proclamation proceedings, and the court's reasoning is repeated accused by accused: on each, 'this court is satisfied that the accused is intentionally avoiding his arrest and concealing oneself to prevent prosecution, thus to procure his presence proclamation is required under section 82 Cr.P.C.' Counsel for Abhay K. Shah asked the court not to proceed because his prayer was pending before the High Court; the court noted there was no stay of these proceedings and proceeded anyway. Ten accused granted High Court bail on the condition of cooperating as approvers were directed to appear for their statements.","Very long composite order reviewing the position of every accused. Proclamation proceedings under Section 82 CrPC were initiated against the accused persistently evading arrest, including Sidharth Chauhan (A-135), Naveen Kumar (A-139) and Abhay K. Shah (A-127). Warrants of arrest directed against Neha Gemawat (A-124) and Meenakshi Modi (A-132) once the certified copy of the Rajasthan High Court order was filed. The ten accused granted High Court bail on condition of cooperating as approvers were directed to appear on 02.04.2022 for their statements to be recorded. No one having appeared for accused company A-83 despite service, the court recorded that it was compelled to presume non-compliance with Section 305(3) CrPC."
2022-04-02,1,2,1,89,"SPECIFIC - 10 accused: A-150, A-158, A-159, A-161, A-179, A-182, A-183, A-184, A-185, A-186","Court allowed four accused to become approvers, relying on the contents of their applications, the High Court's order made while granting them bail, and their statements on oath, and recording that it had original jurisdiction to entertain the complaint as a Special Court under s.306 CrPC.","Statements of four accused recorded on oath and, having regard to their applications, the High Court's direction while granting them bail, and Section 306 CrPC, they were allowed to become approvers, the court noting it had original jurisdiction as a Special Court. The remaining approver statements were deferred to 07.05.2022, the date already fixed for recording the statements of the executing constables on the Section 82 proclamations."
2022-04-20,1,1,1,90,SPECIFIC - 1 accused: A-130,No contentions recorded in this order.,"Jainam Rathod ordered to be released on bail, before the Link Judge, pursuant to the Supreme Court's order of 18.04.2022 in Criminal Appeal No.640 of 2022, on a bond of Rs.1,00,000 with one surety; the surety's FDR at Bank of India, Connaught Circus protected from encashment without court order."
2022-04-28,1,1,1,91,SPECIFIC - 1 accused: A-177,No contentions recorded - production/remand order only.,"SFIO's application allowed and a production warrant issued to the Superintendent, District Jail, Jaipur for Rajeev Kumar Rana (A-177), against whom Section 82 proceedings were in progress, to be produced by video conferencing or in person on 07.05.2022 so that he could be taken into custody in this complaint."
2022-05-07,1,2,2,92-93,"SPECIFIC - 30 accused: A-116, A-118, A-119, A-121, A-127, A-128, A-129, A-133, A-135, A-136, A-137, A-138, A-139, A-141, A-143, A-152, A-153, A-160, A-161, A-162, A-165, A-170, A-172, A-173, A-177, A-182, A-183, A-184, A-185, A-186","Two contested applications, both dismissed. Aditya Sarda (A-141) sought exemption for the day; the complainant opposed and the court dismissed it because a proclamation had already issued against him. Nitin Rathore (A-116) applied for Section 82 proceedings not to be launched; also opposed and dismissed, proclamation having already been ordered on 25.03.2022.","Case received on transfer. Statements of six executing officials recorded regarding publication of the Section 82 proclamations against some twenty-two accused. Aditya Sarda's (A-141) application for exemption for the day dismissed, a proclamation having already issued against him; Nitin Rathore's (A-116) application not to launch Section 82 proceedings likewise dismissed. The approver statement of Dushyant Singh Rathore (A-184) was recorded pursuant to the High Court's order of 26.11.2019; five further approver statements were deferred for want of court time."
2022-05-10,1,1,2,96-97,SPECIFIC - 1 accused: A-136,No contentions recorded in this order.,Application for issuance of a proclamation against Akshat Singh (A-136) taken up; report of the court's Ahlmad received and a further report called for from the predecessor court for 11.05.2022.
2022-05-11,1,2,2,94-95,SPECIFIC - 1 accused: A-136,"SFIO applied for a fresh proclamation against Akshat Singh (A-136) on the ground that the police summons staff had never received one. The Ahlmad's report revealed the Naib Court had, in the court's words, played dirty by withholding or destroying the publication notice handed to him on 30.04.2022, so no proclamation had in fact issued. Fresh proclamation ordered; the court refrained from further action against the official pending the Commissioner of Police's enquiry.","Fresh proclamation ordered against Akshat Singh (A-136), to be published on or before 25.05.2022. The reports revealed that the Naib Court attached to the predecessor court had, in the court's words, played dirty by withholding or destroying the publication notice handed to him on 30.04.2022, so the earlier proclamation had never issued. The matter having already been referred to the Commissioner of Police, Gurugram for enquiry, the court refrained from further action against the official pending that enquiry, which it expected to be concluded within three months."
2022-05-30,1,1,2,98-99,SPECIFIC - 1 accused: A-136,"The Naib Court explained that the executing official had filed the proclamation report in the morning, left for another court, then fell ill and went to the Civil Hospital, a prescription slip being placed on record. The proclamation having been effected, the court merely deferred his statement.","Proclamation against Akshat Singh (A-136) received back duly effected, but the executing official was taken ill and could not depose; his statement deferred to 02.06.2022."
2022-06-02,1,2,1,100,"SPECIFIC - 3 accused: A-124, A-132, A-136","Meenakshi Modi (A-132) and Neha Ghemawat Modi (A-124) applied for non-bailable warrants not to issue, on the ground that the Supreme Court had by its order of 20.05.2022 in SLP (Crl.) Nos.4732-4733 of 2022 stayed the operation of the Rajasthan High Court order on which the warrants rested. Court accepted this and directed that warrants not issue, and be recalled unexecuted if already issued.","Complaint received on transfer. The executing official again did not appear and the statement was adjourned to 07.06.2022. On the application of Meenakshi Modi (A-132) and Neha Ghemawat Modi (A-124), the court directed that non-bailable warrants not issue against them, and be recalled if issued, the Supreme Court having stayed the operation of the Rajasthan High Court order by its order of 20.05.2022 in SLP (Crl.) Nos.4732-4733 of 2022."
2022-06-07,1,1,2,101-102,SPECIFIC - 1 accused: A-136,No contentions recorded in this order.,Statement of the executing official recorded regarding affixation of the proclamation against Akshat Singh (A-136). A further application on his behalf to drop or keep the proceedings in abeyance was taken on record for reply and consideration on 02.07.2022.
2022-07-02,1,11,2,103-104,"GENERAL - all 187 accused; specifically named: 4 (A-1, A-155, A-175, A-187)","Several accused resisted proclamation on the footing that other proceedings were pending. Proclamation against Shiv Raj Sharma was adjourned given the pendency in the High Court and, separately, his anticipatory bail here; the same for Naveen Kumar (A-139). Peeyush Aggarwal (A-173) applied to keep Section 82 proceedings in abeyance. Warrants against Meenakshi Modi and Neha Ghemawat Modi stood recalled on the Supreme Court's order. Exemptions for the day allowed to A-106, A-112, A-159 and A-178. Five approvers directed to appear for their statements.","Composite order which, after recording the position of every accused, sets out a twelve-row schedule allocating each group of accused to its next stage and date: appearance of those on bail, consideration of proclaimed-person declarations, production warrants for those in custody, Section 305 CrPC proceedings against company A-83, and abatement of proceedings against the deceased A-155 and A-175. Consideration of the declarations of proclaimed persons was adjourned to 27.07.2022."
2022-07-08,1,2,1,105,SPECIFIC - 1 accused: A-163,"Megha Chauhan (A-163) sought return of her passport, on affidavit, to produce before the passport authority for renewal of her minor child Yashas's passport. SFIO did not oppose outright but asked that she be required to return it within a fixed period and that it be released against adequate surety. Court found the reason genuine, released the passport on a personal bond of Rs.50,000 with surety, required its return within one month, and made clear that release did not permit her to leave India.","Megha Chauhan's passport released for one month so that she could renew her minor child's passport, on a personal bond of Rs.50,000 with one surety, the court making clear that release of the passport did not permit her to leave India without permission and requiring a certified copy to be placed on record first."
2022-07-08,2,3,1,111,SPECIFIC - 1 accused: A-171,"Raj Kumar Bohra (A-171) sought travel permission on affidavit: an NRI whose wife and three children live in Dubai, his wife suffering severe depression, UAE his primary place of business as managing partner of RKC International General Trading LLC with major export business in Bangladesh, and a record of returning on time. SFIO endorsed no objection on the margin. Permission granted against Rs.1 crore security.","Raj Kumar Bohra again permitted to travel abroad, after 03.07.2022 and returning before 30.08.2022, the SFIO endorsing no objection and the court noting he had not misused three earlier permissions. Conditional on security of immovable property or a bank guarantee worth Rs.1 crore, forfeit on misuse, and strict adherence to the itinerary."
2022-07-22,1,1,2,106-107,SPECIFIC - 1 accused: A-139,No contentions - bail/surety bonds furnished and attested in compliance with a higher court's order.,"Bail bonds of Naveen Kumar furnished in compliance with the order of 19.07.2022 in BA-4346-2022, accepted and attested."
2022-07-27,1,1,1,108,"SPECIFIC - 19 accused: A-113, A-114, A-120, A-123, A-125, A-126, A-131, A-134, A-136, A-139, A-142, A-150, A-158, A-159, A-160, A-161, A-179, A-182, A-187",No contentions recorded in this order.,"Listing order recording the appearances of the accused on bail, the non-production of nine accused shifted from Jaipur to Hanumangarh and Jodhpur jails, and the purposes for which the case stood listed in terms of the order of 02.07.2022."
2022-07-27,2,6,2,109-110,"SPECIFIC - 9 accused: A-119, A-135, A-136, A-139, A-143, A-159, A-160, A-173, A-187","Contested proclamation proceedings. For Siddharth Chauhan (A-135), counsel produced the High Court's order of 01.07.2022 in CRM-M-27904-2022, in which senior counsel had relied on an earlier order of 24.05.2022 adjourning proclamation proceedings beyond the date fixed, and the High Court directed the case be listed before the same Bench after orders from the Chief Justice; proclamation here was adjourned. Shiv Raj Sharma's proceedings likewise adjourned pending the High Court. Peeyush Aggarwal's (A-173) wife and counsel undertook that he would appear within a week and prayed he not be declared a proclaimed person; the court, holding that the object of proclamation is to secure appearance, granted that time.","Substantive order of the same date. Akshat Singh (A-136) and Naveen Kumar (A-139) recorded as having been granted bail on 20.07.2022 and 19.07.2022. Exemption from personal appearance allowed to Hemant Kumar Jain (A-159) for the day. Proclamation proceedings against Shiv Raj Sharma adjourned pending his High Court petition to become an approver. Peeyush Aggarwal (A-173), whose wife undertook that he would appear within a week, was given that time before the court would proceed with proclamation, the objective of such proceedings being to secure appearance."
2022-08-30,1,1,2,112-113,GENERAL - all 187 accused,No contentions - adjournment only.,"Short order recording that, there being 187 accused represented by numerous counsel, checking and uploading the detailed order would take time; case adjourned to 18.10.2022 and 29.11.2022."
2022-08-30,2,4,1,114,SPECIFIC - 1 accused: A-171,"Raj Kumar Bohra's travel application on the same grounds - NRI status, family in UAE, business obligations, and a record of timely return. SFIO endorsed no objection. The surety confirmed by affidavit that he would continue and produce the accused. Permission granted on the Rs.1 crore security.","Raj Kumar Bohra again permitted to travel abroad, after 30.08.2022 returning before 18.10.2022, on the same terms: Rs.1 crore security by immovable property or bank guarantee, forfeit on misuse, and strict adherence to the itinerary. The existing surety confirmed by affidavit that he would continue and produce the accused."
2022-08-30,3,8,2,115-116,"SPECIFIC - 9 accused: A-116, A-117, A-124, A-127, A-132, A-163, A-164, A-173, A-181","Counsel for Siddharth Chauhan (A-135) produced the High Court's orders of 04.08.2022 and 25.08.2022 in CRM-M-27904-2022 and sought adjournment of proclamation; allowed. Peeyush Aggarwal (A-173) having filed an anticipatory bail application that day, the court held it was not appropriate to declare him a proclaimed person and kept proclamation in abeyance subject to that decision. Exemptions for the day allowed to A-107, A-112, A-116, A-127, A-141, A-160, A-163 and A-164. Six approvers directed to appear.","Detailed composite order for the date. Exemption from personal appearance for the day allowed to Megha Chauhan (163), Indu Tak (164), Nitin Rathore (116) and Abhay K. Shah (127). Fresh application for permanent exemption by Neha Kataria (181) adjourned, as was the application of Meenakshi Modi (132) and Neha Ghemawat Modi (124) pending the Rajasthan High Court writ. Proclamation proceedings against Peeyush Aggarwal (173) kept in abeyance because he had filed an anticipatory bail application that day. Priyanka Modi (117) recorded as on regular bail under the Supreme Court's order of 07.02.2022."
2022-10-18,1,1,2,117-118,GENERAL - all 187 accused,No contentions - adjournment only.,"Short order adjourning the case to 09.12.2022, the detailed order requiring time to check and upload given the number of accused and counsel."
2022-10-18,2,3,1,119,SPECIFIC - 1 accused: A-171,"Raj Kumar Bohra's travel application, same grounds, SFIO endorsing no objection, surety continuing; permission granted on the Rs.1 crore security with the surety's statement separately recorded.","Raj Kumar Bohra permitted to travel abroad after 18.10.2022, returning before 09.12.2022, on the same Rs.1 crore security and itinerary conditions; the surety's statement to continue and produce him was separately recorded."
2022-10-18,3,9,2,120-121,SPECIFIC - 1 accused: A-173,"Two contested applications. An application under s.317 CrPC for appearance through pleader was vehemently opposed by the prosecutor on the ground that anticipatory bail had been dismissed both here and by the High Court, and was dismissed. On Peeyush Aggarwal's (A-173) application under s.205 CrPC, counsel contended that he was not running from the law and his having applied for anticipatory bail before the High Court showed he was abiding by it; the prosecutor opposed. Court observed that many SFIO anticipatory bail matters were pending before the High Court and that the prosecutor's argument could not be accepted at that stage, keeping Section 82 proceedings in abeyance pending the High Court's orders.","Detailed composite order for the date. An application under Section 317 CrPC for appearance through pleader was dismissed. On the Section 205 CrPC exemption application of Peeyush Aggarwal (173), whose anticipatory bail this court had refused on 27.09.2022 and who had moved the High Court, the court kept the initiation of Section 82 CrPC proceedings in abeyance pending the High Court's orders."
2022-12-09,1,1,1,122,GENERAL - all 187 accused,No contentions - adjournment only.,Short order adjourning the case to 08.02.2023 pending checking and uploading of the detailed order.
2022-12-09,2,8,1,123,"SPECIFIC - 12 accused: A-117, A-124, A-132, A-150, A-160, A-163, A-164, A-171, A-173, A-179, A-180, A-181","Routine - exemption applications, all allowed on their stated grounds (A-117, A-150, A-163, A-164, A-171, A-179, A-180). Five approvers directed to appear for their statements on 08.02.2023.","Detailed composite order. Exemption from personal appearance allowed to Ajit Singh Rathore (150), Megha Chauhan (163), Damyanti Bhandari (179), Indu Tak (164), Priyanka Modi (117), Raj Kumar Bohra (171) and Ichchhita Dungarwal (180). Permanent exemption application of Neha Kataria (181) adjourned. No further Rajasthan High Court order having been received concerning Meenakshi Modi (132) and Neha Ghemawat Modi (124), the matter was adjourned. No coercive step to be taken against Shiv Raj Sharma (160), his bail application being pending before this court. The High Court having declined anticipatory bail to Peeyush Aggarwal (173) on 08.12.2022 with a direction to surrender within a week, the court recorded that it would await his appearance."
2023-02-08,1,1,2,124-125,GENERAL - all 187 accused,No contentions - adjournment only.,Short order adjourning the case to 03.04.2023 pending checking and uploading of the detailed order.
2023-02-08,2,9,2,126-127,"SPECIFIC - 24 accused: A-115, A-124, A-127, A-128, A-129, A-132, A-133, A-135, A-137, A-138, A-141, A-146, A-152, A-153, A-162, A-165, A-170, A-172, A-173, A-177, A-178, A-179, A-180, A-181",Routine - exemption applications allowed for the day. Counsel for Siddharth Chauhan (A-135) again produced the High Court's orders of 04.08.2022 and 25.08.2022 and obtained adjournment of proclamation. Five approvers directed to appear on 03.04.2023.,"Detailed composite order. Exemption from personal appearance for the day allowed to Abhay K. Shah (127), Leena Harivyasi (146), Mahesh Dutt Sharma (178), Damyanti Bhandari (179) and Ichchhita Dungarwal (180). Matters concerning Meenakshi Modi (132) and Neha Ghemawat Modi (124) adjourned awaiting the Rajasthan High Court. The order also lists the eighteen accused whose matters were then pending before the High Court, and Peeyush Aggarwal (173) before the Supreme Court."
2023-04-03,1,1,2,128-129,GENERAL - all 187 accused,No contentions - adjournment only.,Short order adjourning the case to 22.05.2023 and 30.05.2023 pending checking and uploading of the detailed order.
2023-04-03,2,11,2,130-131,"SPECIFIC - 15 accused: A-116, A-118, A-121, A-127, A-128, A-129, A-134, A-137, A-138, A-152, A-153, A-162, A-165, A-170, A-172","Exemptions allowed for the day. Counsel for Siddharth Chauhan (A-135) produced the High Court's order of 27.03.2023 in CRM-M-27904-2022 recording that the proclamation adjournment remained in force, and proclamation was adjourned again. The substantive event is the dropping of proclamation proceedings against twelve accused who had obtained High Court bail and furnished bonds.","Detailed composite order, and a significant one. Twelve accused who had obtained bail from the High Court in separate petitions appeared and furnished bonds of Rs.1,00,000 each with one surety, which were accepted and attested. In consequence, the proclamation proceedings initiated against them by the order of 25.03.2022 were dropped. Naveen Choudhary (162), Shinder Pal Singh (137) and Gurbir Singh Sandhu (138) had not appeared despite the High Court's direction to do so by 03.04.2023, and notice was ordered to issue to them for 30.05.2023. Ten accused in custody were produced by video conferencing."
2023-05-19,1,1,2,132-133,SPECIFIC - 1 accused: A-142,No contentions recorded in this order.,"Bharat Das Vaishnav ordered to be released on bail in compliance with the High Court's order of 12.04.2023 in CRM-M-10234-2022, on a bond of Rs.1,00,000 with one surety; release order to issue to the Jaipur jail authorities and the vehicle furnished as surety noted with the registration authority."
2023-05-19,2,1,1,134,SPECIFIC - 1 accused: A-120,No contentions recorded in this order.,"Vaibhav Lodha ordered to be released on bail in compliance with the High Court's order of 12.04.2023 in CRM-M-34563-2022, on the same terms."
2023-05-19,3,1,1,135,SPECIFIC - 1 accused: A-126,No contentions recorded in this order.,"Bharat Modi ordered to be released on bail in compliance with the High Court's order of 12.04.2023 in CRM-M-36374-2022, on the same terms."
2023-05-19,4,1,1,136,SPECIFIC - 1 accused: A-123,No contentions recorded in this order.,"Rohit Modi ordered to be released on bail in compliance with the High Court's order of 12.04.2023 in CRM-M-34516-2022, on the same terms."
2023-05-22,1,3,1,137,SPECIFIC - 1 accused: A-185,"The SFIO prosecutor contended that the applicant had been summoned by the order of 11.07.2019 and that, if he disclosed the true facts, the prosecution had no objection to his statement being recorded under s.306 CrPC. Counsel for the accused contended he was ready to disclose the true facts about the commission of the crime. Court examined s.306 and the High Court's order, satisfied itself on his willingness to make a full and true disclosure of every circumstance within his knowledge as to every person principal or abettor, allowed the application, and warned him that deviation would attract s.308 CrPC and that non-cooperation could result in custody.","Application of Shashank Shekhar Singh Rathore to become an approver, made in compliance with the High Court's order of 05.11.2019 in CRM-M 37276 of 2019, allowed under Section 306 CrPC. The court satisfied itself as to his willingness to make a full and true disclosure, warned him that deviation would attract Section 308 CrPC and that non-cooperation could result in his being taken into custody, recorded his statement, and directed the Ahlmad to keep it in a sealed envelope."
2023-05-22,2,15,1,138,SPECIFIC - 1 accused: A-185,"Same contentions and same order as the preceding entry - this is a duplicate publication of the 22.05.2023 approver order, its pages repeated within one PDF.","The same approver order of 22.05.2023 concerning Shashank Shekhar Singh Rathore, published as a longer PDF in which the pages of the order are repeated. Content identical to the preceding entry; not a separate decision."
2023-05-30,1,1,2,139-140,GENERAL - all 187 accused,No contentions - adjournment only.,Short order adjourning the case to 01.06.2023 and 29.08.2023 pending checking and uploading of the detailed order.
2023-05-30,2,10,1,142,"SPECIFIC - 14 accused: A-116, A-118, A-121, A-127, A-128, A-129, A-134, A-137, A-141, A-152, A-153, A-165, A-170, A-172","Routine - exemptions, the prosecutor endorsing 'no objection for today only'. Counsel for Siddharth Chauhan (A-135) produced the High Court's order of 18.05.2023 in CRM-M-27904-2022 recording the proclamation adjournment in force; proclamation adjourned again.","Detailed composite order. Further accused who had obtained High Court bail, including Aditya Sarda, appeared and furnished bonds of Rs.1,00,000 each with one surety, accepted and attested. The order records that proclamation proceedings had been dropped against twelve accused pursuant to the order of 03.04.2023. Shinder Pal Singh (137) still not having appeared despite the High Court's direction, notice was ordered for 29.08.2023 bearing a red-ink endorsement that it was his last opportunity to appear and furnish bonds."
2023-08-29,1,7,1,143,"SPECIFIC - 13 accused: A-115, A-124, A-132, A-135, A-137, A-140, A-149, A-161, A-176, A-182, A-183, A-185, A-186",Routine - exemptions allowed for the day. Counsel for Siddharth Chauhan (A-135) again relied on the High Court's order of 18.05.2023 to keep proclamation adjourned.,"Detailed composite order. Records that the approver statements of Parveen Kumar (161), Nimesh Kumar Ramesh Soni (182), Ritu Raj Singh (183), Shashank Singh Rathore (185) and Jitesh Kumar Parmar (186) had been recorded on 22.05.2023. Interim bail of Vivek Harivyasi (115), Surender Singh (140) and Raj Kumar Modi (176) and the interim protection of Vijay Shukla (149) noted as continuing. On an application stating that the Supreme Court had granted Meenakshi Modi (132) and Neha Ghemawat Modi (124) interim relief against coercive action, with an undertaking that they would appear, the matter was adjourned. Fresh notice ordered to Shinder Pal Singh (137) as a last opportunity."
2023-09-26,1,1,1,144,SPECIFIC - 1 accused: A-163,No contentions recorded in this order.,"Order of 29.08.2023 granting Megha Chauhan permission to travel abroad corrected to include the return of her passport, that permission being ineffective without it. Passport to be returned on the terms of the earlier order, to be brought back to the court within two months of release, with a certified copy placed on record first."
2023-09-26,2,1,1,145,SPECIFIC - 1 accused: A-164,No contentions recorded in this order.,"Identical correction made in favour of Indu Tak: the order of 29.08.2023 permitting her to travel abroad deemed to include the return of her passport, on the same two-month and certified-copy conditions."
2023-09-30,1,2,1,146,"SPECIFIC - 2 accused: A-163, A-164",No contentions - bail/surety bonds furnished and attested in compliance with a higher court's order.,"Two applications disposed of together. Surety bonds furnished on behalf of Indu Tak (164) and Megha Chauhan (163) in compliance with the orders of 29.08.2023 and 26.09.2023 were accepted and attested, and the Ahlmad directed to release their passports as per rules."
2023-11-17,1,1,2,147-148,GENERAL - all 187 accused,No contentions - adjournment only.,"Case adjourned to 09.02.2024 for the purpose already fixed, the presiding judge being on casual leave."
2024-02-09,1,7,1,149,"SPECIFIC - 9 accused: A-83, A-101, A-107, A-112, A-117, A-124, A-132, A-135, A-137","Routine - exemptions allowed for the day, and the same High Court order relied on for Siddharth Chauhan (A-135). The substantive step is the court's own: Shinder Pal Singh (A-137) having repeatedly failed to appear with notices returned unexecuted, proclamation under s.82 CrPC was ordered.","Detailed composite order. Shinder Pal Singh (137) having repeatedly failed to appear despite the High Court's direction, with notices returned unexecuted, his presence was ordered to be secured by proclamation under Section 82 CrPC returnable 03.05.2024, to be published on or before 20.03.2024, with the executing constable to depose on 01.04.2024. Proclamation recorded as issued against Sidharth Chauhan (135). Bailable warrants ordered for 03.05.2024 against Priyanka Modi (117) and four accused companies. The Rajasthan High Court position on Meenakshi Modi (132) and Neha Ghemawat Modi (124) remained pending."
2024-04-01,1,1,1,150,SPECIFIC - 1 accused: A-137,No contentions recorded in this order.,Statement of the executing constable regarding publication of the proclamation against Shinder Pal Singh (A-137) recorded; case to come up on 03.05.2024 for his presence.
2024-05-03,1,8,1,151,"SPECIFIC - 16 accused: A-113, A-114, A-115, A-120, A-123, A-125, A-126, A-131, A-134, A-137, A-140, A-142, A-143, A-149, A-176, A-177","Exemptions allowed, some till further orders. On Shiv Raj Sharma's (A-160) application under s.306 CrPC to become an approver, the prosecutor filed no reply and stated no objection, and the application was allowed on that footing. Shinder Pal Singh (A-137) was declared a proclaimed person after failing to appear by 3 p.m. with the mandatory thirty days expired.","Detailed composite order, notable for the declaration of a proclaimed person. Shinder Pal Singh (137) having failed to appear by 3 p.m. on the date fixed and the mandatory thirty-day period having expired, he was declared a proclaimed person and the police station informed. Ten accused in custody were not produced and production warrants were ordered. Interim bail and protection of A-115, A-140, A-176 and A-149 recorded as continuing."
2024-05-03,2,2,1,152,SPECIFIC - 1 accused: A-171,"Raj Kumar Bohra's travel application on the familiar grounds - NRI, family in UAE, prior compliance. The surety confirmed by affidavit that he had already furnished Rs.1 crore security and would continue. The court noted his consistent compliance with every earlier permission and allowed it.","Raj Kumar Bohra again permitted to travel abroad after 03.05.2024, the court noting his consistent compliance with every earlier permission, on furnishing security of immovable property or bank guarantee worth Rs.1 crore, forfeit to the State on misuse. The existing surety confirmed he would continue and produce the accused when ordered."
2024-06-04,1,1,1,153,SPECIFIC - 1 accused: A-130,Jainam Rathod (A-130) applied in person to deposit his passport and have released the Rs.2 lakh FDR furnished as security when the passport was released. Allowed; passport taken on record and the FDR returned against receipt.,"On Jainam Rathod's application, his passport was taken on record and the original FDR of Rs.2 lakh furnished as security for its earlier release was ordered returned to him against proper receipt and identification."
2024-07-29,1,6,1,154,"SPECIFIC - 4 accused: A-117, A-124, A-132, A-135","Proclamation against Siddharth Chauhan (A-135) adjourned again, the prosecutor stating that some interim order had been passed by the High Court but its latest status was unavailable. Court directed the accused to bring a certified copy of any order in his favour, failing which it would proceed as per law.","Detailed composite order. An application under Section 88 CrPC / Section 91 BNSS 2023 moved on behalf of Neha Ghemawat Modi (124) and Meenakshi Modi (132); reply permitted, with a direction that unless certified copies of any restraining order were produced they must appear in person. Proclamation proceedings against Sidharth Chauhan (135) adjourned awaiting the High Court, he being directed to produce a certified copy of any order in his favour. Priyanka Modi (117) moved an application for permanent exemption from personal appearance. All accused who had applied for pardon were directed to appear in person."
2024-09-03,1,8,1,155,"SPECIFIC - 11 accused: A-150, A-158, A-159, A-160, A-161, A-179, A-182, A-183, A-184, A-185, A-186","The clearest statement of the approvers' status. Ten accused had applied to become approvers and their applications were allowed on 02.04.2022 and 22.05.2023, but no order making them witnesses was passed when pardon was tendered, so their names still appeared in the array of accused. Court held that as settled law, once an accused is granted pardon he ceases to be an accused and becomes a prosecution witness, and directed SFIO to include them in the list of witnesses, relieving them of attendance except when specifically directed during evidence.","Detailed composite order with an important direction on the approvers. The court held that once an accused is granted pardon he ceases to be an accused and becomes a prosecution witness, and that the order making such persons witnesses had inadvertently not been reflected in the array. The SFIO was directed to include the names of those already granted pardon in the list of witnesses, and those persons need not attend further proceedings except when specifically directed during evidence. On Shiv Raj Sharma's (160) pending application to become an approver, the SFIO was given liberty to have his Section 306 statement recorded before the Duty Magistrate."
2024-11-13,1,8,1,156,"SPECIFIC - 2 accused: A-135, A-160","Proceedings against Virender Modi (A-122) recorded as abated. Arguments on two applications for permanent exemption, and on a further application, were deferred, counsel seeking adjournment.","Detailed composite order. A last opportunity granted to an accused to place on record any order passed in his favour, failing which the court would presume deliberate avoidance and take further action, with the Senior Prosecutor directed to report the status of his High Court petition. Shiv Raj Sharma (160) not having appeared before the Duty Magistrate as directed, the SFIO was again given liberty to have his approver statement recorded. The Senior Prosecutor was directed to bring on record an amended title reflecting the names of those granted pardon as prosecution witnesses."
2024-12-03,1,1,1,157,SPECIFIC - 1 accused: A-163,No contentions recorded in this order.,"Application of Megha Chauhan for return of her passport and permission to travel to South Korea ordered to be registered as an interlocutory application, with notice to the SFIO for 10.12.2024."
2025-01-13,1,1,1,158,SPECIFIC - 1 accused: A-135,No contentions recorded in this order.,"SFIO's application seeking that Sidharth Chauhan be declared a proclaimed person, his High Court petition having been dismissed on 09.01.2025, ordered to be registered and put up with the main file on 24.01.2025."
2025-01-18,1,9,1,159,"SPECIFIC - 2 accused: A-135, A-160","Two substantial contests. For Neha Ghemawat (A-124) and Meenakshi Modi (A-132), counsel traced the history: interim relief against coercive action granted 20.12.2019, later declined continuation by the Rajasthan High Court, whereupon the Supreme Court by order of 20.05.2022 in SLP (Crl.) 4732-4733/2022 asked that court to decide the writs within three months and continued the interim relief meanwhile; counsel argued that with that protection subsisting no further order need be produced. The Senior Prosecutor did not refute the history but submitted the protection was against coercive action by the investigating agency only, with no restraint on court proceedings. Court directed them to produce any restraint order on joining proceedings, failing which they must appear or face coercive steps. On SFIO's application to declare Siddharth Chauhan (A-135) a proclaimed person, his High Court petition having been dismissed as withdrawn on 09.01.2025, he sought adjournment to pursue a remedy; the court held that at least thirty days must be given in compliance with the publication effected on 30.04.2022 and adjourned accordingly.","Detailed composite order. On the proclamation against Sidharth Chauhan (135), his High Court petition having been disposed of as withdrawn with liberty, the court held he must be given the full thirty days to appear in terms of the publication effected on 30.04.2022 (which had been kept in abeyance), and adjourned to 27.02.2025 failing which consequences would follow. Shiv Raj Sharma (160) again offered to record his Section 306/307 statement before the Duty Magistrate. The Senior Prosecutor was again directed to bring on record an amended title reflecting those granted pardon as prosecution witnesses."
2025-02-27,1,9,1,160,"SPECIFIC - 4 accused: A-124, A-132, A-135, A-160","SFIO pressed for Siddharth Chauhan (A-135) to be declared a proclaimed person: his anticipatory bail petition CRM-M-8166-2025 was dismissed as withdrawn on 25.02.2025, the earlier petition dismissed as withdrawn on 09.01.2025, proclamation was already effected on 30.04.2022 and merely kept in abeyance, and he had full knowledge yet deliberately stayed away. Court held the application misconceived and liable to be rejected on propriety grounds: since the proclamation had been in abeyance, a sufficient period of at least thirty days had to be allowed, and it fixed 07.04.2025. On the s.88 CrPC / s.91 BNSS application of A-124 and A-132, the Senior Prosecutor argued it was not maintainable when the applicants would not appear; the court found force in that, observing they were clearly defying repeated directions without justifiable reason, but as a matter of abundant caution issued fresh summons.","Detailed composite order. Two accused were warned that unless a further order of the Rajasthan High Court was produced, coercive steps would be taken to secure their presence, the Senior Prosecutor stating that the presence of all accused except three had been secured and the proceedings were stalled on that account. Shiv Raj Sharma's (160) approver statement remained to be recorded before the Duty Magistrate, and the direction to file an amended title was repeated."
2025-04-07,1,1,1,161,GENERAL - all 187 accused,No contentions - adjournment only.,"Case adjourned to 03.05.2025 for the purpose already fixed, the presiding judge being on casual leave from 04 to 07.04.2025."
2025-05-02,1,1,1,162,GENERAL - all 187 accused,No contentions - adjournment only.,"Case adjourned to 31.05.2025 for the purpose already fixed, the presiding judge being on casual leave on 03.05.2025."
2025-05-29,1,1,1,163,GENERAL - all 187 accused,No contentions - adjournment only.,"Case adjourned to 22.07.2025 for the purpose already fixed, the presiding judge being on casual leave on 31.05.2025."
2025-09-19,1,10,1,165,"SPECIFIC - 17 accused: A-116, A-118, A-121, A-124, A-127, A-128, A-129, A-130, A-132, A-133, A-138, A-141, A-152, A-153, A-162, A-165, A-172","A pointed order on jail administration. Mukesh Modi (A-113), in custody in this case at Jodhpur, had been released on interim bail obtained in a Rajasthan case while his regular bail here remained pending before the High Court; the Superintendent's report having been unsatisfactory, the court directed the Home Secretary, Government of Rajasthan to obtain and submit a report on the lapses and delinquent behaviour of the Superintendent. Two accused applied to postpone proceedings and fresh non-bailable warrants pending their quashing petition CRM-M-32075-2025; the court held that absent any restraint order it could not distinguish them from similarly placed co-accused against whom coercive process had issued, particularly as the Supreme Court had directed such accused to surrender within a specified period and they had not complied. Jainam Rathod (A-130), on bail here but since arrested and lodged in Sabarmati Central Jail, was ordered produced by video conferencing.","Detailed composite order. Non-bailable warrants against fourteen named accused received back unexecuted; their presence again ordered to be secured by non-bailable warrants for 06.11.2025. Replies to the permanent exemption applications of Neha Ghemawat Modi (124) and Meenakshi Modi (132) not filed and permitted on the adjourned date. Jainam Rathod (130), on bail in this case but since arrested in another and lodged in Sabarmati Central Jail, Ahmedabad, to be produced by video conferencing on 06.11.2025, or in person if released."
2025-11-06,1,12,1,166,"SPECIFIC - 16 accused: A-112, A-116, A-117, A-118, A-121, A-127, A-128, A-129, A-133, A-138, A-141, A-152, A-153, A-162, A-165, A-172","A long run of exemption grounds - ill health with medical documents, high fever, an official seminar at Mumbai, an eye injury, back pain, and A-132 needing to care for her husband Mukesh Modi through knee surgery. Two contested refusals. Aditya Sarda (A-141) sought exemption and deferral of proclamation on the ground that the orders of 16.04.2025 and 22.07.2025 and the cognizance order were under challenge with a revision pending; the court found no merit, there being no stay of proceedings against him. The application of A-124 and A-132 to postpone proceedings pending quashing petition CRM-M-32075-2025 was again rejected on the same reasoning as in September - no restraint order, and non-compliance with the Supreme Court's surrender direction.","Detailed composite order. The same fourteen non-bailable warrants again returned unexecuted, largely reported as house locked, not seen or not residing; presence again ordered to be secured for 07.01.2026. Application for change of authorised representative of company A-112 taken on record for reply. Arguments on the permanent exemption applications of Priyanka Modi (117) and Prakash Chandra Purohit (133) not advanced and deferred. The court directed that the case be taken up at 12:30 p.m. and warned the accused against approaching court staff before that hour."
2026-01-07,1,13,1,167,"GENERAL - all 187 accused; specifically named: 3 (A-112, A-135, A-173)","The most legally dense of the late orders. On Shiv Raj Sharma (A-160), SFIO responded to his s.306 application: his recorded statement disclosed his role in the financial crime and on whose instruction he had signed as a director, so the ingredients of s.306 were met, and SFIO asked that he be treated as an approver and the trial proceed against the rest. Defence counsel relied on the Supreme Court's order of 09.04.2025 in Criminal Appeal No.1872 of 2025 and on the order of 21.11.2025 in Review Petition (Crl.) No.378/2025 directing that no coercive action be taken, and asked that no non-bailable warrants issue. SFIO countered with the Punjab and Haryana High Court's orders of 22.12.2025 dismissing the bail petitions of A-113 and A-114 and directing the trial court to proceed to secure their presence, and sought warrants. For Mukesh Modi (A-113) it was noted that the Rajasthan High Court had extended his interim bail by four months on 07.11.2025 in S.B. Criminal Writ Petition 2334/2025, while clarifying that the Special Judge might still proceed to secure his presence. The court also held Siddharth Chauhan's application to surrender and be enlarged on bail without being taken into custody not maintainable in his absence, and directed that no exemption application be entertained except in extreme unavoidable emergency.","Detailed composite order. The application of Sidharth Chauhan (135) to appear, surrender and be enlarged on regular bail without being taken into custody was held not maintainable and disposed of, he not having appeared in person. Pursuant to the High Court's direction of 22.12.2025 in CRM-M No.26815 and CRM-M-31296 of 2024 to expedite the trial, including by separating the trial of accused whose presence had not been secured, the court directed that no exemption application would be entertained except in extreme unavoidable emergency. Replies outstanding on the application concerning Peeyush Aggarwal and on the change of AR for A-112."
2026-02-20,1,1,1,168,SPECIFIC - 1 accused: A-163,No contentions - adjournment only.,Case received on transfer. Arguments on Megha Chauhan's application for release of her passport to apply for a US visa not heard; adjourned to 25.02.2026.
2026-02-20,2,1,1,169,SPECIFIC - 1 accused: A-164,No contentions - adjournment only.,Case received on transfer. Arguments on Indu Tak's application for release of her passport to apply for a US visa not heard; adjourned to 25.02.2026.
2026-02-25,1,1,1,170,SPECIFIC - 1 accused: A-135,No contentions recorded in this order.,"The Supreme Court having, by its order of 17.02.2026 in Misc. Application No.297/2026 in SLP (Crl.) No.36 of 2026, granted Sidharth Chauhan a final extension to surrender by 20 February 2026, failing which the law enforcement agency was to act in accordance with law, and the Ahlmad having reported that he had not surrendered, the court ordered his presence to be procured by non-bailable warrant of arrest."
2026-02-25,2,1,1,171,SPECIFIC - 1 accused: A-164,No contentions recorded in this order.,"Statement of counsel recorded withdrawing Indu Tak's application for release of her passport as infructuous, with liberty to file afresh in accordance with law."
2026-03-18,1,5,94,172-265,"SPECIFIC - 10 accused: A-113, A-114, A-135, A-152, A-160, A-163, A-164, A-166, A-177, A-187","Shiv Raj Sharma (A-160) allowed to become an approver, the court relying on the contents of his application, the High Court's order made while granting him bail, and his statements on oath, and invoking s.306 CrPC and its original jurisdiction as a Special Court.","Composite order, five pages, published by the portal as five separate single-page files (entries 172-265) and reassembled here. Shiv Raj Sharma (160) allowed to become an approver under Section 306 CrPC, the court noting its original jurisdiction as a Special Court, and the Special Public Prosecutor again directed to file an amended title reflecting those granted pardon as prosecution witnesses. Exemption from personal appearance for the day allowed to accused Nos. 152, 160, 163, 164, 166 and 187. Mukesh Modi (113) and Rahul Modi (114) not produced from Jodhpur; production warrants ordered. Non-bailable warrant against Sidharth Chauhan (135) returned unserved; fresh warrant for 17.04.2026."
2026-04-17,1,2,115,266-380,SPECIFIC - 1 accused: A-164,"A fully argued refusal of travel. Indu Tak (A-164) set out that she was on anticipatory bail from 11.08.2020, had furnished surety and deposited her passport, had been permitted to travel to Malaysia and Singapore in October 2023 and had not misused that liberty, and sought to travel to Vietnam from 07.05.2026 to 18.05.2026. SFIO replied that she is arrayed for serious offences - s.58A of the 1956 Act, ss.74(3), 76(A) and 447 of the 2013 Act and s.120-B read with ss.417, 418 and 420 IPC - involving financial fraud, cognizable and non-bailable, that the purpose of the visit was for some ulterior motive and that she was a flight risk. Court dismissed it, holding that the purpose of the visit had been intentionally concealed, the application nowhere specifying any reason, which lent substance to the prosecution's apprehension.","Application of Indu Tak for release of her passport and permission to travel to Vietnam from 07.05.2026 to 18.05.2026 dismissed. The SFIO opposed it, pointing to the seriousness of the financial fraud offences and a flight risk. The court held that the purpose of the visit had been intentionally concealed, the application nowhere specifying why she wished to travel, which lent force to the prosecution's apprehension."
2026-04-17,2,7,1,381,"SPECIFIC - 12 accused: A-133, A-135, A-158, A-159, A-161, A-162, A-165, A-179, A-182, A-183, A-184, A-185","SFIO sought a declaration that Siddharth Chauhan (A-135) is a proclaimed offender, the warrants of 04.04.2026 having returned unexecuted. The court noted that the application filed on his behalf was unsigned by the accused and misdated, that he had defied even the Supreme Court's order in MA 297/2026, and that the earlier proclamation stood automatically revived so no purpose would be served by fresh warrants. Application allowed and his counsel's application dismissed on merits and for his absence. The Senior Prosecutor also relied on the High Court's direction of 22.12.2025 to segregate and separate the trial of the accused who are appearing.","Detailed composite order, and a significant one. Sidharth Chauhan (135) was declared a Proclaimed Offender: the earlier proclamation stood automatically revived, he had failed to comply even with the Supreme Court's order in MA 297/2026, and his counsel's application moved in his absence was dismissed on merits and for his non-appearance. Pursuant to the High Court's direction of 22.12.2025 to segregate the trial, the Senior Prosecutor was directed to file separate lists of the accused who had and had not appeared. Eleven accused absent that day were ordered to be summoned by bailable warrants of Rs.10,000 for 04.06.2026."
2026-06-04,1,1,46,382-427,GENERAL - all 187 accused,No contentions - adjournment only.,"Case adjourned to 10.07.2026 for the purpose already fixed, the presiding judge proceeding on summer vacation from 01 to 15.06.2026."
2026-07-10,1,8,1,428,"GENERAL - all 187 accused; specifically named: 23 (A-1, A-101, A-103, A-106, A-110, A-128, A-130, A-133, A-150, A-152, A-153, A-158, A-159, A-160, A-161, A-163, A-164, A-166, A-170, A-179, A-182, A-186, A-187)","No contentions recorded - composite roll-call; attendance, remands and warrants only.","Roll-call order in tabular form listing all 187 accused, their representation and attendance. Records that by the order of 03.09.2024 accused Nos. 150, 158, 159, 161, 179, 182, 183, 184, 185 and 186 had become approvers and were to be included in the list of witnesses, needing to attend only when specifically directed. The main case file was not put up before the court; the Ahlmad was directed to trace it before the next hearing and warned to be careful. Exemption from personal appearance for the day allowed to fifteen accused; court notices ordered to those absent."
2026-07-29,1,8,1,429,"GENERAL - all 187 accused; specifically named: 13 (A-1, A-101, A-103, A-106, A-110, A-124, A-135, A-160, A-163, A-164, A-170, A-178, A-187)","No contentions recorded - composite roll-call; attendance, remands and warrants only.","Tabular roll-call order. Exemption from personal appearance for the day allowed to twelve accused. The court recorded that the case file had not been properly tagged by the Ahlmad, that with 187 accused and the case still at the summoning stage it was not possible to ascertain the true position for each accused without proper tagging, and directed the Special Public Prosecutor to assist on the status of summoning of every accused at the next hearing."
2026-08-19,1,13,1,430,"GENERAL - all 187 accused; specifically named: 14 (A-86, A-110, A-124, A-125, A-126, A-131, A-141, A-142, A-160, A-163, A-164, A-166, A-170, A-187)","Aditya Sarda (A-141) applied to correct his address, stating the complaint wrongly recorded '3 Alipur Park, Kolkata' instead of '3 Alipore Park Place, Kolkata' - allowed. His separate application for a complete set of the documents relied on by SFIO was disposed of on the prosecutor's statement that they would be supplied on a pen drive. His affidavit placed on record the Supreme Court's order of 14.07.2026 in Review Petition (Crl.) No.378 of 2025 directing the trial court to frame the charges, with liberty to issue non-bailable warrants and a status report called for after three months.","Tabular roll-call order, notable for recording a direction from the Supreme Court. An affidavit of Aditya Sarda (A-141) placed on record the Supreme Court's order of 14.07.2026 in Review Petition (Crl.) No.378 of 2025 directing the trial court to frame the charges, listing the matter for a report from the trial court on 03.11.2026, granting liberty to issue non-bailable warrants to secure the accused, and calling for a status report after three months. His separate application for a complete set of the documents relied on by the SFIO was disposed of on the prosecutor's statement that they would be supplied on a pen drive. Exemptions allowed for the day to nine accused, and production warrants ordered for four accused in custody at Central Jail, Jodhpur."
2026-08-25,1,13,1,431,"SPECIFIC - 2 accused: A-113, A-114","Exemptions allowed on their stated grounds. On the accused who had persistently failed to appear, the court recorded it had 'no hesitation in reaching to the just conclusion that the said accused are evading the process of the Court', and ordered proclamation against Mukesh Modi (A-113) and Rahul Virendra Modi (A-114) under the BNSS, with detailed compliance directions and newspaper publication at SFIO's cost. Fresh non-bailable warrants ordered against Bharat Modi (A-126), Bharat Das Vaishnav (A-142) and Rajiv Kumar Rana (A-177).","Tabular roll-call order culminating in proclamation proceedings. The court concluded that Mukesh Modi (A-113) and Rahul Virendra Modi (A-114) were evading its process and ordered a proclamation against them requiring their appearance on 08.10.2026, to be effected on or before 07.09.2026, more than thirty days in advance. It set out in detail the compliance required under Section 84(2) BNSS - public reading in a conspicuous place where they ordinarily reside, affixing to their house and to the court-house - directed publication in a newspaper at the SFIO's cost, and required the executing constable to depose in person on 07.09.2026."
2026-08-31,1,1,1,432,"SPECIFIC - 2 accused: A-113, A-114",No contentions recorded in this order.,Proclamation warrants against Mukesh Modi (A-113) and Rahul Virendra Modi (A-114) handed over to the Perokar of the SFIO; case to come up on 07.09.2026 for the statements of the Perokar and the process official on their execution.
2026-09-07,1,1,1,433,"SPECIFIC - 4 accused: A-113, A-114, A-126, A-142",No contentions recorded in this order.,"The Perokar of the SFIO did not appear and a date was allowed on the prosecutor's request, the statements being deferred to 08.09.2026. The court also recorded that non-bailable warrants against Bharat Modi (A-126) and Bharat Vaishnav (A-142) had not been issued by the Ahlmad, who was directed to be careful in future."
2026-09-08,1,2,1,434,"SPECIFIC - 4 accused: A-113, A-114, A-126, A-142",No contentions recorded - production/remand order only.,"Statements recorded of the Assistant Director, SFIO and of a Law Consultant on the execution of the proclamations against Mukesh Modi (A-113) and Rahul Virendra Modi (A-114): the warrants were read publicly at the Gurugram court premises on 03.09.2026 and, on 07.09.2026, at the accused's last known address at A-10 Adarsh Nagar, Sirohi, Rajasthan, where they were read aloud, affixed to the boundary wall beside the main gate, announced in the main market and affixed on the locality board. Matter adjourned to 08.10.2026 for their appearance. Production warrant ordered for Bharat Modi (A-126), believed confined in Central Jail Jodhpur, and fresh non-bailable warrants against Bharat Das Vaishnav (A-142), both for 18.09.2026."
